-- MySQL dump 10.13  Distrib 5.7.23, for Win64 (x86_64)
--
-- Host: localhost    Database: election
-- ------------------------------------------------------
-- Server version	5.7.23-log

/*!40101 SET @OLD_CHARACTER_SET_CLIENT=@@CHARACTER_SET_CLIENT */;
/*!40101 SET @OLD_CHARACTER_SET_RESULTS=@@CHARACTER_SET_RESULTS */;
/*!40101 SET @OLD_COLLATION_CONNECTION=@@COLLATION_CONNECTION */;
/*!40101 SET NAMES utf8 */;
/*!40103 SET @OLD_TIME_ZONE=@@TIME_ZONE */;
/*!40103 SET TIME_ZONE='+00:00' */;
/*!40014 SET @OLD_UNIQUE_CHECKS=@@UNIQUE_CHECKS, UNIQUE_CHECKS=0 */;
/*!40014 SET @OLD_FOREIGN_KEY_CHECKS=@@FOREIGN_KEY_CHECKS, FOREIGN_KEY_CHECKS=0 */;
/*!40101 SET @OLD_SQL_MODE=@@SQL_MODE, SQL_MODE='NO_AUTO_VALUE_ON_ZERO' */;
/*!40111 SET @OLD_SQL_NOTES=@@SQL_NOTES, SQL_NOTES=0 */;

--
-- Table structure for table `address_table`
--

DROP TABLE IF EXISTS `address_table`;
/*!40101 SET @saved_cs_client     = @@character_set_client */;
/*!40101 SET character_set_client = utf8 */;
CREATE TABLE `address_table` (
  `﻿precinct_id` int(6) NOT NULL,
  `city_name` varchar(45) DEFAULT NULL,
  `county` varchar(45) DEFAULT NULL,
  `zip_code` int(5) DEFAULT NULL,
  PRIMARY KEY (`﻿precinct_id`)
) ENGINE=InnoDB DEFAULT CHARSET=latin1;
/*!40101 SET character_set_client = @saved_cs_client */;

--
-- Dumping data for table `address_table`
--

LOCK TABLES `address_table` WRITE;
/*!40000 ALTER TABLE `address_table` DISABLE KEYS */;
INSERT INTO `address_table` VALUES (109438,'Minnetonka','Hennepin',59627),(111289,'Waconia','Carver',52266),(131751,'New Brighton','Ramsey',59672),(136004,'Moorhead','Clay',54626),(154410,'Ham Lake','Anoka',53858),(160667,'Bemidji','Beltrami',58872),(174114,'Lino Lakes','Anoka',54293),(185751,'Northfield','Rice',51964),(204194,'Big Lake','Sherburne',53557),(208075,'White Bear Lake','Ramsey',53158),(210238,'Woodbury','Washington',51444),(217520,'Owatonna','Steele',55315),(224156,'Shoreview','Ramsey',58645),(238272,'Robbinsdale','Hennepin',58442),(249064,'Otsego','Wright',51104),(256151,'Chaska','Carver',54887),(257438,'Savage','Scott',56794),(262311,'Lakeville','Dakota',59248),(264566,'Fridley','Anoka',55562),(271395,'Little Canada','Ramsey',50609),(276458,'North St. Paul','Ramsey',59528),(281436,'Hermantown','St. Louis',55936),(285224,'Chanhassen','Carver',51074),(293068,'Duluth','St. Louis',51753),(294637,'Marshall','Lyon',54492),(298350,'New Hope','Hennepin',52247),(311028,'Hastings','Dakota',50046),(311985,'Mounds View','Ramsey',53897),(319297,'Mendota Heights','Dakota',54385),(326409,'West St. Paul','Dakota',56727),(330914,'Vadnais Heights','Ramsey',55889),(338377,'Sartell','Stearns',59767),(344793,'Burnsville','Dakota',54435),(348592,'Roseville','Ramsey',56415),(353758,'Cloquet','Carlton',54505),(357386,'Andover','Anoka',53026),(362447,'Maplewood','Ramsey',53310),(383672,'Monticello','Wright',50287),(384462,'Brooklyn Park','Hennepin',57277),(395220,'Rosemount','Dakota',52565),(411030,'East Bethel','Anoka',51362),(414266,'Prior Lake','Scott',59663),(419527,'Inver Grove Heights','Dakota',55822),(422276,'Cottage Grove','Washington',53723),(422715,'Anoka','Anoka',54973),(428831,'Bloomington','Hennepin',55039),(438748,'Champlin','Hennepin',52243),(440787,'Rogers','Hennepin',51344),(483038,'Brainerd','Crow Wing',52778),(487784,'Eden Prairie','Hennepin',58865),(495733,'South St. Paul','Dakota',59362),(498981,'Oakdale','Washington',55810),(500970,'Columbia Heights','Anoka',58825),(504954,'Richfield','Hennepin',56573),(542300,'Hutchinson','McLeod',51374),(551707,'Eagan','Dakota',56622),(552878,'North Branch','Chisago',55633),(578043,'Shakopee','Scott',55934),(597436,'Apple Valley','Dakota',58397),(607125,'Willmar','Kandiyohi',52507),(607485,'St. Peter','Nicollet',52699),(620859,'Albert Lea','Freeborn',59371),(625704,'Maple Grove','Hennepin',56439),(633850,'Grand Rapids','Itasca',50367),(636729,'St. Michael','Wright',51401),(656061,'Rochester','Olmsted',52206),(665311,'Coon Rapids','Anoka',56880),(673684,'Austin','Mower',54956),(682950,'Brooklyn Center','Hennepin',59053),(687623,'Elk River','Sherburne',53591),(687854,'New Ulm','Brown',55056),(694467,'Golden Valley','Hennepin',55595),(702453,'St. Louis Park','Hennepin',52397),(705459,'Hibbing','St. Louis',58811),(733866,'Alexandria','Douglas',59598),(734827,'Blaine','Anoka',55636),(734988,'Winona','Winona',58175),(744034,'Waseca','Waseca',51756),(757475,'Sauk Rapids','Benton',59140),(779705,'Forest Lake','Washington',57151),(786092,'Plymouth','Hennepin',58275),(789524,'Mankato','Blue Earth',56174),(794245,'Hopkins','Hennepin',57302),(819562,'Fergus Falls','Otter Tail',56736),(826421,'Fairmont','Martin',52322),(835311,'Hugo','Washington',51327),(848607,'Stillwater','Washington',56337),(848608,'Red Wing','Goodhue',52125),(850091,'Arden Hills','Ramsey',51303),(850507,'St. Cloud','Stearns',51237),(854769,'Faribault','Rice',51311),(861497,'Edina','Hennepin',56410),(865378,'Farmington','Dakota',51051),(867183,'Ramsey','Anoka',50773),(878264,'Minneapolis','Hennepin',53744),(878921,'Saint Paul','Ramsey',52407),(880244,'North Mankato','Nicollet',59830),(886833,'Crystal','Hennepin',52211),(887121,'Buffalo','Wright',56230),(889421,'Worthington','Nobles',54060);
/*!40000 ALTER TABLE `address_table` ENABLE KEYS */;
UNLOCK TABLES;

--
-- Table structure for table `election_table`
--

DROP TABLE IF EXISTS `election_table`;
/*!40101 SET @saved_cs_client     = @@character_set_client */;
/*!40101 SET character_set_client = utf8 */;
CREATE TABLE `election_table` (
  `﻿electionDate` char(10) NOT NULL,
  `Issue` varchar(45) DEFAULT NULL,
  `democratNominee` varchar(45) DEFAULT NULL,
  `republicanNominee` varchar(45) DEFAULT NULL,
  PRIMARY KEY (`﻿electionDate`)
) ENGINE=InnoDB DEFAULT CHARSET=latin1;
/*!40101 SET character_set_client = @saved_cs_client */;

--
-- Dumping data for table `election_table`
--

LOCK TABLES `election_table` WRITE;
/*!40000 ALTER TABLE `election_table` DISABLE KEYS */;
INSERT INTO `election_table` VALUES ('11/2/2012','President','Addison','Hamish'),('11/2/2014','President','Harlan','Gareth'),('11/2/2016','President','Yardley','Slade'),('11/2/2018','President','Lars','Brielle');
/*!40000 ALTER TABLE `election_table` ENABLE KEYS */;
UNLOCK TABLES;

--
-- Table structure for table `vote_table`
--

DROP TABLE IF EXISTS `vote_table`;
/*!40101 SET @saved_cs_client     = @@character_set_client */;
/*!40101 SET character_set_client = utf8 */;
CREATE TABLE `vote_table` (
  `﻿ballot_number` int(8) NOT NULL,
  `election_date` char(10) DEFAULT NULL,
  `ssn` int(8) NOT NULL,
  `votes` varchar(45) DEFAULT NULL,
  PRIMARY KEY (`﻿ballot_number`,`ssn`)
) ENGINE=InnoDB DEFAULT CHARSET=latin1;
/*!40101 SET character_set_client = @saved_cs_client */;

--
-- Dumping data for table `vote_table`
--

LOCK TABLES `vote_table` WRITE;
/*!40000 ALTER TABLE `vote_table` DISABLE KEYS */;
INSERT INTO `vote_table` VALUES (10201993,'11/2/2016',42130430,'Republican'),(10230896,'11/2/2014',48353410,'Democrat'),(10571859,'11/2/2012',40773205,'Democrat'),(11092492,'11/2/2014',42359032,'Democrat'),(11458176,'11/2/2012',40956708,'Republican'),(11664880,'11/2/2018',44346512,'Democrat'),(12312037,'11/2/2012',49907261,'Republican'),(12353797,'11/2/2018',43489227,'Republican'),(12776639,'11/2/2014',46600222,'Democrat'),(12780475,'11/2/2018',49983712,'Republican'),(12900841,'11/2/2014',43197408,'Democrat'),(12970186,'11/2/2012',48255556,'Republican'),(13371651,'11/2/2016',46442461,'Democrat'),(13487885,'11/2/2016',48322307,'Democrat'),(13594932,'11/2/2018',42575790,'Democrat'),(14004808,'11/2/2012',48322307,'Democrat'),(14295741,'11/2/2016',47524885,'Republican'),(14625441,'11/2/2016',40954009,'Republican'),(14645338,'11/2/2018',48353410,'Democrat'),(14680448,'11/2/2014',41749038,'Republican'),(15182760,'11/2/2016',48353410,'Republican'),(15509169,'11/2/2012',41749038,'Republican'),(15927110,'11/2/2014',49608931,'Democrat'),(16775565,'11/2/2014',48322307,'Democrat'),(18032526,'11/2/2014',44848318,'Republican'),(19013612,'11/2/2018',48519087,'Democrat'),(19028131,'11/2/2016',42893431,'Republican'),(19114295,'11/2/2016',42056263,'Republican'),(19171677,'11/2/2016',40984325,'Republican'),(19265065,'11/2/2014',48519087,'Republican'),(20031713,'11/2/2016',44934187,'Democrat'),(20082066,'11/2/2016',40852570,'Republican'),(20118270,'11/2/2018',47329845,'Republican'),(20236781,'11/2/2012',44737961,'Democrat'),(20509174,'11/2/2018',40105911,'Republican'),(20650462,'11/2/2014',40105911,'Democrat'),(20844858,'11/2/2014',40778466,'Democrat'),(21228848,'11/2/2012',44705471,'Democrat'),(21363952,'11/2/2018',40646041,'Republican'),(22148295,'11/2/2018',47030330,'Republican'),(22160159,'11/2/2012',49983712,'Republican'),(22283652,'11/2/2016',45236074,'Democrat'),(22614968,'11/2/2012',43489227,'Republican'),(22740582,'11/2/2018',41168877,'Democrat'),(22771427,'11/2/2016',46023651,'Democrat'),(22851017,'11/2/2012',44934187,'Republican'),(22950914,'11/2/2014',41134706,'Republican'),(23316822,'11/2/2012',40984325,'Democrat'),(23342128,'11/2/2018',47186600,'Republican'),(23496572,'11/2/2012',49608931,'Republican'),(23496805,'11/2/2014',44705471,'Republican'),(23589596,'11/2/2012',46192824,'Democrat'),(23729802,'11/2/2018',45604911,'Republican'),(24823643,'11/2/2012',44346512,'Republican'),(24904327,'11/2/2014',45597639,'Republican'),(25033241,'11/2/2016',47030330,'Democrat'),(25065952,'11/2/2018',42893431,'Democrat'),(25224743,'11/2/2016',49608032,'Democrat'),(25791827,'11/2/2016',41360803,'Democrat'),(25909021,'11/2/2014',43587742,'Republican'),(26131501,'11/2/2014',45536951,'Republican'),(26471891,'11/2/2018',49758671,'Republican'),(27160488,'11/2/2018',41174320,'Republican'),(27260017,'11/2/2012',44038911,'Democrat'),(27355775,'11/2/2018',44737961,'Democrat'),(27419065,'11/2/2014',42893431,'Republican'),(27638814,'11/2/2016',43395644,'Democrat'),(27730159,'11/2/2018',42359032,'Republican'),(28028091,'11/2/2014',46326590,'Republican'),(28801662,'11/2/2012',42130430,'Republican'),(29311628,'11/2/2014',43503696,'Democrat'),(29872101,'11/2/2016',46192824,'Democrat'),(29901402,'11/2/2018',44038911,'Democrat'),(29965963,'11/2/2014',46192824,'Republican'),(30134083,'11/2/2016',46600222,'Republican'),(30350047,'11/2/2018',48607548,'Republican'),(30538385,'11/2/2018',49606803,'Republican'),(30819816,'11/2/2016',47186600,'Democrat'),(30827177,'11/2/2018',40852570,'Republican'),(32031119,'11/2/2018',47299912,'Republican'),(32311007,'11/2/2014',44038911,'Republican'),(32652385,'11/2/2014',44864866,'Republican'),(33009490,'11/2/2012',47785145,'Democrat'),(33220299,'11/2/2012',46051034,'Republican'),(33432356,'11/2/2016',40668359,'Democrat'),(33485621,'11/2/2018',45639977,'Democrat'),(33668952,'11/2/2016',44744234,'Democrat'),(33901084,'11/2/2012',44770828,'Republican'),(33938302,'11/2/2018',41134706,'Democrat'),(34291098,'11/2/2014',47785145,'Democrat'),(34363301,'11/2/2014',48503223,'Republican'),(34406069,'11/2/2018',47388621,'Democrat'),(34417534,'11/2/2014',46442461,'Democrat'),(34961353,'11/2/2018',46712670,'Republican'),(35199480,'11/2/2012',49406941,'Democrat'),(35415106,'11/2/2018',44147662,'Republican'),(35919723,'11/2/2014',40093203,'Republican'),(36495113,'11/2/2012',45979448,'Democrat'),(36739103,'11/2/2018',48248699,'Democrat'),(37336225,'11/2/2012',49606803,'Democrat'),(37512658,'11/2/2016',46568468,'Republican'),(37632817,'11/2/2016',49758671,'Republican'),(38120066,'11/2/2014',43746247,'Democrat'),(38176658,'11/2/2016',45979448,'Democrat'),(38791464,'11/2/2014',49406941,'Republican'),(38866975,'11/2/2014',41174320,'Democrat'),(38893478,'11/2/2016',45604911,'Republican'),(39003521,'11/2/2016',45536951,'Republican'),(39097131,'11/2/2016',48780391,'Republican'),(39507949,'11/2/2014',40668359,'Democrat'),(39777420,'11/2/2018',41572899,'Republican'),(40030566,'11/2/2016',43002163,'Democrat'),(40080599,'11/2/2016',44864866,'Democrat'),(40084163,'11/2/2012',41134706,'Republican'),(40557044,'11/2/2012',46052994,'Republican'),(41089440,'11/2/2016',49608931,'Republican'),(41542072,'11/2/2014',45604911,'Democrat'),(41955661,'11/2/2016',49907261,'Republican'),(42255249,'11/2/2012',47885655,'Democrat'),(42275484,'11/2/2018',44848318,'Democrat'),(42424785,'11/2/2012',44744234,'Republican'),(42577202,'11/2/2016',43948380,'Democrat'),(42589463,'11/2/2018',43002163,'Republican'),(42636028,'11/2/2014',46023651,'Democrat'),(42711950,'11/2/2016',40773205,'Republican'),(42899819,'11/2/2018',47002693,'Democrat'),(43810831,'11/2/2018',42130430,'Republican'),(43885668,'11/2/2012',44147662,'Republican'),(44011638,'11/2/2012',45536951,'Republican'),(44151073,'11/2/2016',49406941,'Republican'),(44290685,'11/2/2012',46568468,'Democrat'),(44390246,'11/2/2016',46712670,'Democrat'),(44589680,'11/2/2018',43746247,'Republican'),(44882282,'11/2/2014',44770828,'Republican'),(45126453,'11/2/2018',48780391,'Republican'),(45289203,'11/2/2012',46712670,'Republican'),(45597954,'11/2/2012',41174320,'Democrat'),(45945832,'11/2/2014',47885916,'Democrat'),(46321693,'11/2/2016',45635766,'Democrat'),(46373353,'11/2/2012',47329845,'Republican'),(46484699,'11/2/2012',49608032,'Republican'),(47104508,'11/2/2014',44346512,'Democrat'),(47274245,'11/2/2014',41319140,'Democrat'),(47391370,'11/2/2012',47485969,'Republican'),(47692513,'11/2/2012',40105911,'Republican'),(48626529,'11/2/2014',40954009,'Republican'),(48710254,'11/2/2012',41755310,'Republican'),(48794178,'11/2/2012',46326590,'Republican'),(48981512,'11/2/2018',46442461,'Democrat'),(49193477,'11/2/2016',41480983,'Republican'),(50313544,'11/2/2012',47524885,'Republican'),(50532223,'11/2/2018',41480983,'Republican'),(50905302,'11/2/2014',43948380,'Republican'),(51551881,'11/2/2016',44737961,'Republican'),(51603193,'11/2/2014',47388621,'Democrat'),(51884411,'11/2/2014',44210345,'Republican'),(51928113,'11/2/2016',41319140,'Democrat'),(52314336,'11/2/2018',47524885,'Republican'),(52754393,'11/2/2012',44848318,'Republican'),(52763070,'11/2/2014',44148032,'Republican'),(52782350,'11/2/2014',47030330,'Democrat'),(53011842,'11/2/2018',46326590,'Republican'),(53316155,'11/2/2018',46052994,'Democrat'),(53668190,'11/2/2014',46796262,'Democrat'),(54020806,'11/2/2018',47334968,'Republican'),(54083150,'11/2/2012',42359032,'Republican'),(54179773,'11/2/2014',45085161,'Democrat'),(55025769,'11/2/2012',43587742,'Republican'),(55034220,'11/2/2018',41319140,'Republican'),(55427653,'11/2/2018',49907261,'Democrat'),(55483878,'11/2/2018',44705471,'Democrat'),(55497055,'11/2/2014',41563909,'Democrat'),(55572625,'11/2/2014',49155628,'Republican'),(55682393,'11/2/2012',46600222,'Republican'),(55769511,'11/2/2018',43587742,'Democrat'),(56517822,'11/2/2014',47002693,'Republican'),(56574009,'11/2/2014',46568468,'Republican'),(56647492,'11/2/2012',48780391,'Republican'),(56660936,'11/2/2016',42575790,'Republican'),(57011231,'11/2/2014',40984325,'Democrat'),(57148440,'11/2/2018',49608931,'Republican'),(57668464,'11/2/2012',45214379,'Republican'),(57689222,'11/2/2018',41755310,'Democrat'),(57835522,'11/2/2012',43395644,'Republican'),(57907279,'11/2/2014',42130430,'Democrat'),(58151557,'11/2/2012',45639977,'Democrat'),(58535779,'11/2/2012',40852570,'Democrat'),(58644691,'11/2/2018',48503223,'Republican'),(59478356,'11/2/2016',47329845,'Democrat'),(59511574,'11/2/2014',41389696,'Democrat'),(59514651,'11/2/2014',45174115,'Democrat'),(59554702,'11/2/2018',43503696,'Democrat'),(60718345,'11/2/2016',44147662,'Republican'),(61099990,'11/2/2014',40773205,'Republican'),(61152710,'11/2/2016',41755310,'Republican'),(61197789,'11/2/2014',41572899,'Republican'),(61670433,'11/2/2012',44161161,'Democrat'),(61940571,'11/2/2018',48060879,'Democrat'),(62393097,'11/2/2012',40954009,'Republican'),(62444473,'11/2/2016',40956708,'Republican'),(63342611,'11/2/2012',47388621,'Republican'),(63535661,'11/2/2014',47885655,'Republican'),(63650089,'11/2/2012',47885916,'Republican'),(64045976,'11/2/2016',47785145,'Democrat'),(64445058,'11/2/2018',45536951,'Democrat'),(64515530,'11/2/2014',47329845,'Democrat'),(64573378,'11/2/2012',43948380,'Republican'),(64612038,'11/2/2016',43489227,'Republican'),(64735495,'11/2/2018',40093203,'Republican'),(65582696,'11/2/2018',47885655,'Republican'),(65612634,'11/2/2012',49155628,'Democrat'),(65688235,'11/2/2016',49983712,'Democrat'),(66069407,'11/2/2018',47785145,'Republican'),(66281697,'11/2/2014',45979448,'Democrat'),(66523273,'11/2/2016',44210345,'Republican'),(66546865,'11/2/2018',40956708,'Democrat'),(66986471,'11/2/2012',43002163,'Democrat'),(67000804,'11/2/2016',46051034,'Democrat'),(67172397,'11/2/2012',41480983,'Democrat'),(67195240,'11/2/2018',49608032,'Republican'),(67202747,'11/2/2016',45214379,'Republican'),(67395461,'11/2/2014',42056263,'Republican'),(68444433,'11/2/2018',46051034,'Democrat'),(68806034,'11/2/2018',41749038,'Democrat'),(69220368,'11/2/2016',46052994,'Republican'),(69224866,'11/2/2018',40778466,'Democrat'),(69509442,'11/2/2012',46023651,'Republican'),(69767086,'11/2/2012',42056263,'Democrat'),(70094384,'11/2/2018',43948380,'Democrat'),(70143554,'11/2/2016',40778466,'Republican'),(70311515,'11/2/2018',44934187,'Democrat'),(71451195,'11/2/2012',46442461,'Democrat'),(71639882,'11/2/2018',44744234,'Democrat'),(71716351,'11/2/2014',44635831,'Republican'),(71736041,'11/2/2016',41134706,'Democrat'),(72390097,'11/2/2014',47485969,'Democrat'),(72536022,'11/2/2018',49155628,'Democrat'),(72631349,'11/2/2018',44770828,'Democrat'),(72853144,'11/2/2012',41360803,'Democrat'),(73302630,'11/2/2016',41389696,'Republican'),(73318492,'11/2/2014',40646041,'Democrat'),(73488276,'11/2/2012',49758671,'Democrat'),(73740720,'11/2/2014',48248699,'Republican'),(74602857,'11/2/2012',47186600,'Republican'),(74669708,'11/2/2012',44864866,'Democrat'),(74670868,'11/2/2012',41168877,'Republican'),(74983299,'11/2/2012',48060879,'Democrat'),(75404896,'11/2/2016',42964114,'Republican'),(75646802,'11/2/2018',40773205,'Republican'),(76421270,'11/2/2018',44161161,'Republican'),(76580622,'11/2/2016',42320165,'Democrat'),(77121763,'11/2/2016',47485969,'Democrat'),(77447298,'11/2/2014',42320165,'Democrat'),(77552611,'11/2/2014',47299912,'Republican'),(77719336,'11/2/2018',41563909,'Democrat'),(77747848,'11/2/2012',45604911,'Republican'),(77874172,'11/2/2014',41168877,'Republican'),(78110590,'11/2/2018',46796262,'Democrat'),(78221991,'11/2/2018',43395644,'Republican'),(78262644,'11/2/2016',41174320,'Democrat'),(78348961,'11/2/2016',48255556,'Republican'),(78511991,'11/2/2016',45639977,'Republican'),(78900006,'11/2/2014',48607548,'Republican'),(79364411,'11/2/2014',42964114,'Democrat'),(79446374,'11/2/2014',46147139,'Democrat'),(80018269,'11/2/2018',45236074,'Democrat'),(80127428,'11/2/2016',48060879,'Democrat'),(80185072,'11/2/2014',48780391,'Republican'),(80929945,'11/2/2016',49606803,'Republican'),(81200926,'11/2/2016',42359032,'Republican'),(81249798,'11/2/2016',47885916,'Republican'),(81442094,'11/2/2014',45635766,'Republican'),(81794005,'11/2/2016',41168877,'Democrat'),(82142992,'11/2/2012',45236074,'Republican'),(82602826,'11/2/2018',46147139,'Republican'),(82853880,'11/2/2012',40668359,'Republican'),(82967784,'11/2/2014',44161161,'Republican'),(83363824,'11/2/2012',42893431,'Republican'),(83910683,'11/2/2014',45639977,'Democrat'),(84061067,'11/2/2016',49155628,'Democrat'),(84091203,'11/2/2016',41563909,'Democrat'),(84190747,'11/2/2014',40956708,'Democrat'),(84568941,'11/2/2016',48248699,'Republican'),(85039500,'11/2/2018',48255556,'Democrat'),(85310525,'11/2/2016',41749038,'Republican'),(85455286,'11/2/2012',42575790,'Republican'),(85885469,'11/2/2018',41360803,'Democrat'),(86756108,'11/2/2012',45635766,'Republican'),(86859023,'11/2/2018',40954009,'Republican'),(87962222,'11/2/2012',48248699,'Democrat'),(87966235,'11/2/2014',45214379,'Republican'),(88577132,'11/2/2016',44705471,'Republican'),(88748289,'11/2/2016',43197408,'Democrat'),(88851380,'11/2/2012',41389696,'Democrat'),(88851897,'11/2/2012',41572899,'Democrat'),(88851927,'11/2/2016',46326590,'Democrat'),(89057165,'11/2/2016',44148032,'Democrat'),(89123222,'11/2/2014',47334968,'Republican'),(89125607,'11/2/2012',48519087,'Republican'),(89699477,'11/2/2016',43587742,'Republican');
/*!40000 ALTER TABLE `vote_table` ENABLE KEYS */;
UNLOCK TABLES;

--
-- Table structure for table `voter_table`
--

DROP TABLE IF EXISTS `voter_table`;
/*!40101 SET @saved_cs_client     = @@character_set_client */;
/*!40101 SET character_set_client = utf8 */;
CREATE TABLE `voter_table` (
  `firstName` varchar(45) DEFAULT NULL,
  `lastName` varchar(45) DEFAULT NULL,
  `ssn` int(8) NOT NULL,
  `partyAffiliation` varchar(45) DEFAULT NULL,
  `birthYear` char(10) DEFAULT NULL,
  `gender` varchar(1) DEFAULT NULL,
  `race` varchar(45) DEFAULT NULL,
  `precinct_id` int(6) DEFAULT NULL,
  PRIMARY KEY (`ssn`)
) ENGINE=InnoDB DEFAULT CHARSET=latin1;
/*!40101 SET character_set_client = @saved_cs_client */;

--
-- Dumping data for table `voter_table`
--

LOCK TABLES `voter_table` WRITE;
/*!40000 ALTER TABLE `voter_table` DISABLE KEYS */;
INSERT INTO `voter_table` VALUES ('Kennan','Boone',40093203,'Republican','3/8/1952','M','Native American',422715),('Boris','Alexander',40105911,'Democrat','9/2/1968','M','Hispanic',483038),('Christian','Ryan',40646041,'Republican','8/25/1983','F','Hispanic',542300),('Xandra','Gould',40668359,'Democrat','6/26/1994','F','Asian American',174114),('Dean','Mathews',40773205,'Republican','12/14/1965','F','White',109438),('Madeson','Stevens',40778466,'Democrat','1/26/1952','M','White',357386),('Leandra','Dixon',40852570,'Republican','10/9/1973','F','African American',744034),('Nicole','Hensley',40954009,'Democrat','3/29/1970','F','White',734827),('Brenden','Humphrey',40956708,'Democrat','8/30/1960','F','White',264566),('Teegan','Solomon',40984325,'Republican','2/23/1992','F','Asian American',311028),('Frances','Joyner',41134706,'Republican','2/18/1967','M','White',362447),('Aaron','Bridges',41168877,'Republican','9/10/1984','M','White',136004),('Mari','Foster',41174320,'Democrat','5/5/1958','F','White',702453),('Jonas','Compton',41319140,'Democrat','11/26/1985','F','White',348592),('Judah','Sullivan',41360803,'Republican','1/19/1955','M','African American',411030),('Taylor','Kinney',41389696,'Republican','8/22/1963','F','Asian American',886833),('Keefe','Reid',41480983,'Democrat','11/27/1975','M','African American',353758),('Nadine','Cantu',41563909,'Democrat','3/28/1958','M','White',419527),('Florence','Bridges',41572899,'Democrat','4/14/1995','M','Hispanic',819562),('Nasim','Dorsey',41749038,'Democrat','4/15/1982','F','White',789524),('Daquan','Stone',41755310,'Republican','9/21/1991','F','White',428831),('Isabella','Wells',42056263,'Democrat','9/9/1960','M','Asian American',395220),('Lewis','Sargent',42130430,'Democrat','5/10/1975','M','White',498981),('Kim','Phelps',42320165,'Democrat','12/22/1995','F','Native American',326409),('Shellie','Kim',42359032,'Democrat','1/22/1972','M','White',224156),('Raja','Hamilton',42575790,'Democrat','10/22/1972','F','African American',440787),('Destiny','Marks',42893431,'Democrat','6/16/1970','M','White',597436),('Oren','Vaughn',42964114,'Democrat','9/25/1986','M','Native American',607125),('Zia','York',43002163,'Republican','10/9/1979','M','African American',850091),('Galena','Ayala',43197408,'Republican','12/24/1980','M','Asian American',208075),('Laith','Rivers',43395644,'Republican','3/18/1985','M','African American',607485),('Melyssa','Love',43489227,'Democrat','5/4/1998','F','White',656061),('Garrett','Joyner',43503696,'Republican','10/14/1982','M','Hispanic',154410),('Colton','Smith',43587742,'Republican','1/25/1963','M','White',625704),('Yoshi','Price',43746247,'Republican','9/6/1962','F','Native American',848608),('Cathleen','Nguyen',43948380,'Democrat','2/24/1994','M','White',210238),('Tatyana','Owens',44038911,'Republican','7/5/1979','F','African American',330914),('Damian','Mcneil',44147662,'Democrat','3/14/1997','F','African American',311985),('Pascale','Rojas',44148032,'Republican','12/26/1983','M','Asian American',495733),('Ima','Wooten',44161161,'Republican','10/20/1964','F','Hispanic',160667),('Bree','Howell',44210345,'Democrat','12/27/1980','F','Native American',500970),('Morgan','Mathews',44346512,'Republican','8/23/1981','F','Hispanic',757475),('Arden','Hoffman',44635831,'Democrat','4/20/1993','F','Native American',848607),('Todd','Griffin',44705471,'Republican','1/1/1970','F','White',504954),('Miriam','Mercer',44737961,'Republican','3/21/1983','F','African American',111289),('Ferris','Beard',44744234,'Republican','3/22/1989','M','African American',826421),('Lamar','Carter',44770828,'Democrat','10/29/1989','F','Hispanic',687854),('Fredericka','Mack',44848318,'Democrat','5/31/1983','F','African American',889421),('Hyatt','Faulkner',44864866,'Democrat','1/9/1957','M','Asian American',414266),('Shafira','Hess',44934187,'Democrat','3/19/1957','F','White',786092),('Aladdin','Hanson',45085161,'Republican','7/15/1952','M','Native American',794245),('Althea','Stephens',45174115,'Republican','3/27/1960','M','Native American',620859),('Curran','Austin',45214379,'Democrat','2/19/1992','M','Asian American',298350),('Destiny','Barton',45236074,'Democrat','6/4/1960','F','African American',633850),('Callum','Frost',45536951,'Democrat','4/1/1989','M','White',734988),('Baxter','Rollins',45597639,'Democrat','6/12/1981','M','Native American',779705),('Tiger','Hicks',45604911,'Republican','12/5/1953','F','White',487784),('Xander','Morin',45635766,'Republican','1/31/1953','F','Asian American',867183),('Robert','Baker',45639977,'Republican','3/25/1978','F','White',344793),('Montana','Whitehead',45979448,'Republican','10/3/1959','M','Asian American',131751),('Hector','Huber',46023651,'Democrat','3/26/1951','M','Asian American',694467),('Sara','Snow',46051034,'Democrat','4/6/1974','M','White',850507),('Zoe','Pearson',46052994,'Republican','1/8/1973','F','African American',276458),('Austin','Chan',46147139,'Democrat','2/29/1976','F','Hispanic',705459),('Sebastian','Parks',46192824,'Republican','7/16/1959','M','Asian American',865378),('Barry','Kidd',46326590,'Republican','2/1/1976','F','Asian American',217520),('Drake','Mcgee',46442461,'Republican','2/5/1997','F','White',551707),('Hayes','Sexton',46568468,'Democrat','5/16/1955','M','Asian American',438748),('Otto','Robles',46600222,'Democrat','6/2/1977','M','Asian American',256151),('Lunea','Harrington',46712670,'Republican','9/8/1978','M','White',384462),('Quamar','Hunt',46796262,'Republican','5/11/1958','M','Hispanic',338377),('Nathan','Pruitt',47002693,'Democrat','1/6/1998','F','Hispanic',249064),('Driscoll','Golden',47030330,'Republican','12/23/1979','F','White',682950),('Herrod','Jacobson',47186600,'Democrat','8/18/1996','M','White',878264),('Rana','Beach',47299912,'Democrat','7/8/1965','F','Hispanic',835311),('Lois','Frank',47329845,'Democrat','1/11/1951','M','White',861497),('Cadman','Castillo',47334968,'Republican','1/24/1951','M','Hispanic',887121),('Phoebe','Rutledge',47388621,'Democrat','12/31/1953','M','Hispanic',294637),('Ursa','Bray',47485969,'Republican','8/20/1981','F','Asian American',285224),('Ina','Schmidt',47524885,'Democrat','3/28/1958','M','African American',281436),('Jeremy','Rojas',47785145,'Republican','12/24/1965','M','Asian American',673684),('Lillith','Barker',47885655,'Republican','5/20/1977','M','African American',383672),('Curran','Atkinson',47885916,'Republican','12/2/1983','M','Asian American',854769),('Judith','Newman',48060879,'Republican','10/12/1958','F','African American',733866),('Ahmed','Solis',48248699,'Republican','10/19/1974','F','White',262311),('Aaron','Reese',48255556,'Democrat','9/11/1960','M','African American',271395),('Germane','Livingston',48322307,'Democrat','10/6/1953','M','Asian American',185751),('Lilah','Zimmerman',48353410,'Democrat','2/23/1997','M','White',422276),('Allen','Levine',48503223,'Republican','1/17/1974','M','Hispanic',238272),('Nerea','Stokes',48519087,'Republican','11/21/1987','M','Hispanic',880244),('Miranda','Spence',48607548,'Republican','8/11/1994','M','Native American',636729),('Alice','Johnston',48780391,'Democrat','11/17/1990','M','White',257438),('Nicholas','Hahn',49155628,'Republican','1/2/1952','M','White',578043),('Heather','Mueller',49406941,'Democrat','7/15/1964','M','Asian American',687623),('Nomlanga','Fry',49606803,'Republican','12/4/1995','M','White',293068),('Damon','Skinner',49608032,'Democrat','1/19/1996','M','African American',319297),('Idona','Morin',49608931,'Republican','1/30/1995','F','White',665311),('Kamal','Porter',49758671,'Democrat','9/1/1984','F','African American',552878),('Whoopi','Turner',49907261,'Democrat','8/30/1969','M','African American',204194),('Lucy','Ball',49983712,'Democrat','10/17/1998','M','White',878921);
/*!40000 ALTER TABLE `voter_table` ENABLE KEYS */;
UNLOCK TABLES;
/*!40103 SET TIME_ZONE=@OLD_TIME_ZONE */;

/*!40101 SET SQL_MODE=@OLD_SQL_MODE */;
/*!40014 SET FOREIGN_KEY_CHECKS=@OLD_FOREIGN_KEY_CHECKS */;
/*!40014 SET UNIQUE_CHECKS=@OLD_UNIQUE_CHECKS */;
/*!40101 SET CHARACTER_SET_CLIENT=@OLD_CHARACTER_SET_CLIENT */;
/*!40101 SET CHARACTER_SET_RESULTS=@OLD_CHARACTER_SET_RESULTS */;
/*!40101 SET COLLATION_CONNECTION=@OLD_COLLATION_CONNECTION */;
/*!40111 SET SQL_NOTES=@OLD_SQL_NOTES */;

-- Dump completed on 2018-12-05 10:43:45
